[
    {
        "name": "braintree/braintree_php",
        "version": "3.39.0",
        "version_normalized": "3.39.0.0",
        "source": {
            "type": "git",
            "url": "https://github.com/braintree/braintree_php.git",
            "reference": "19c6f50fa9fee1388ea5e7f556457243dc35a145"
        },
        "dist": {
            "type": "zip",
            "url": "https://api.github.com/repos/braintree/braintree_php/zipball/19c6f50fa9fee1388ea5e7f556457243dc35a145",
            "reference": "19c6f50fa9fee1388ea5e7f556457243dc35a145",
            "shasum": ""
        },
        "require": {
            "ext-curl": "*",
            "ext-dom": "*",
            "ext-hash": "*",
            "ext-openssl": "*",
            "ext-xmlwriter": "*",
            "php": ">=5.4.0"
        },
        "require-dev": {
            "phpunit/phpunit": "3.7.*"
        },
        "time": "2019-01-24T20:25:28+00:00",
        "type": "library",
        "installation-source": "dist",
        "autoload": {
            "psr-0": {
                "Braintree": "lib/"
            },
            "psr-4": {
                "Braintree\\": "lib/Braintree"
            }
        },
        "notification-url": "https://packagist.org/downloads/",
        "license": [
            "MIT"
        ],
        "authors": [
            {
                "name": "Braintree",
                "homepage": "https://www.braintreepayments.com"
            }
        ],
        "description": "Braintree PHP Client Library"
    }
]
